comName,sciName,speciesCode,category,taxonOrder,bandingCodes,comNameCodes,sciNameCodes,order,familyComName,familySciName,reportAs,extinct,extinctYear
Black-bellied Whistling-Duck,Dendrocygna autumnalis,bbwduc,species,220.0,['BBWD'],[],['DEAU'],Anseriformes,"Ducks, Geese, and Waterfowl",Anatidae,,,
Snow Goose,Anser caerulescens,snogoo,species,240.0,['SNGO'],[],['ANCA'],Anseriformes,"Ducks, Geese, and Waterfowl",Anatidae,,,
Ross's Goose,Anser rossii,rosgoo,species,243.0,['ROGO'],[],['ANRO'],Anseriformes,"Ducks, Geese, and Waterfowl",Anatidae,,,
Snow x Ross's Goose (hybrid),Anser caerulescens x rossii,sxrgoo1,hybrid,244.0,['SRGH'],"['SNGO', 'ROGO']","['ANRO', 'ANCA']",Anseriformes,"Ducks, Geese, and Waterfowl",Anatidae,,,
Snow/Ross's Goose,Anser caerulescens/rossii,y00469,slash,245.0,['SRGO'],"['SNGO', 'ROGO']","['ANRO', 'ANCA']",Anseriformes,"Ducks, Geese, and Waterfowl",Anatidae,,,
Graylag Goose (Domestic type),Anser anser (Domestic type),gragoo1,domestic,249.0,[],['GRGO'],['ANAN'],Anseriformes,"Ducks, Geese, and Waterfowl",Anatidae,,,
Swan Goose (Domestic type),Anser cygnoides (Domestic type),swagoo2,domestic,251.0,[],['SWGO'],['ANCY'],Anseriformes,"Ducks, Geese, and Waterfowl",Anatidae,,,
Greater White-fronted Goose,Anser albifrons,gwfgoo,species,253.0,['GWFG'],[],['ANAL'],Anseriformes,"Ducks, Geese, and Waterfowl",Anatidae,,,
Pink-footed Goose,Anser brachyrhynchus,pifgoo,species,272.0,['PFGO'],[],['ANBR'],Anseriformes,"Ducks, Geese, and Waterfowl",Anatidae,,,
Cackling Goose,Branta hutchinsii,cacgoo1,species,286.0,['CACG'],['CAGO'],['BRHU'],Anseriformes,"Ducks, Geese, and Waterfowl",Anatidae,,,
Canada Goose,Branta canadensis,cangoo,species,297.0,['CANG'],['CAGO'],['BRCA'],Anseriformes,"Ducks, Geese, and Waterfowl",Anatidae,,,
Swan Goose (Domestic type) x Canada Goose (hybrid),Anser cygnoides (Domestic type) x Branta canadensis,swagoo3,hybrid,309.0,[],[],[],Anseriformes,"Ducks, Geese, and Waterfowl",Anatidae,,,
Greater White-fronted x Canada Goose (hybrid),Anser albifrons x Branta canadensis,x00415,hybrid,311.0,[],"['GWFG', 'CANG', 'CAGO']","['BRCA', 'ANAL']",Anseriformes,"Ducks, Geese, and Waterfowl",Anatidae,,,
Graylag Goose (Domestic type) x Canada Goose (hybrid),Anser anser (Domestic type) x Branta canadensis,gragoo4,hybrid,313.0,[],[],[],Anseriformes,"Ducks, Geese, and Waterfowl",Anatidae,,,
Snow x Canada Goose (hybrid),Anser caerulescens x Branta canadensis,x00197,hybrid,315.0,[],"['CANG', 'SNGO', 'CAGO']","['BRCA', 'ANCA']",Anseriformes,"Ducks, Geese, and Waterfowl",Anatidae,,,
Barnacle x Canada Goose (hybrid),Branta leucopsis x canadensis,x00417,hybrid,317.0,[],"['CANG', 'CAGO', 'BAGO', 'BARG']","['BRCA', 'BRLE']",Anseriformes,"Ducks, Geese, and Waterfowl",Anatidae,,,
Cackling/Canada Goose,Branta hutchinsii/canadensis,y00470,slash,318.0,['CCGO'],"['CANG', 'CAGO', 'CACG']","['BRCA', 'BRHU']",Anseriformes,"Ducks, Geese, and Waterfowl",Anatidae,,,
Mute Swan,Cygnus olor,mutswa,species,330.0,['MUSW'],[],['CYOL'],Anseriformes,"Ducks, Geese, and Waterfowl",Anatidae,,,
Trumpeter Swan,Cygnus buccinator,truswa,species,333.0,['TRUS'],['TRSW'],['CYBU'],Anseriformes,"Ducks, Geese, and Waterfowl",Anatidae,,,
Tundra Swan,Cygnus columbianus,tunswa,species,335.0,['TUSW'],['BESW'],['CYCO'],Anseriformes,"Ducks, Geese, and Waterfowl",Anatidae,,,
Trumpeter/Tundra Swan,Cygnus buccinator/columbianus,y00471,slash,340.0,[],"['BESW', 'TUSW', 'TRUS', 'TRSW']","['CYCO', 'CYBU']",Anseriformes,"Ducks, Geese, and Waterfowl",Anatidae,,,
Muscovy Duck (Domestic type),Cairina moschata (Domestic type),musduc2,domestic,390.0,[],['MUDU'],['CAMO'],Anseriformes,"Ducks, Geese, and Waterfowl",Anatidae,,,
Wood Duck,Aix sponsa,wooduc,species,397.0,['WODU'],['CWDU'],['AISP'],Anseriformes,"Ducks, Geese, and Waterfowl",Anatidae,,,
Blue-winged Teal,Spatula discors,buwtea,species,422.0,['BWTE'],[],['SPDI'],Anseriformes,"Ducks, Geese, and Waterfowl",Anatidae,,,
Northern Shoveler,Spatula clypeata,norsho,species,434.0,['NSHO'],"['KOMO', 'NOSH']",['SPCL'],Anseriformes,"Ducks, Geese, and Waterfowl",Anatidae,,,
Gadwall,Mareca strepera,gadwal,species,438.0,['GADW'],[],['MAST'],Anseriformes,"Ducks, Geese, and Waterfowl",Anatidae,,,
Eurasian Wigeon,Mareca penelope,eurwig,species,443.0,['EUWI'],[],['MAPE'],Anseriformes,"Ducks, Geese, and Waterfowl",Anatidae,,,
American Wigeon,Mareca americana,amewig,species,445.0,['AMWI'],[],['MAAM'],Anseriformes,"Ducks, Geese, and Waterfowl",Anatidae,,,
Mallard,Anas platyrhynchos,mallar3,species,471.0,['MALL'],[],['ANPL'],Anseriformes,"Ducks, Geese, and Waterfowl",Anatidae,,,
Mallard (Domestic type),Anas platyrhynchos (Domestic type),mallar2,domestic,474.0,[],['MALL'],['ANPL'],Anseriformes,"Ducks, Geese, and Waterfowl",Anatidae,,,
Muscovy Duck x Mallard (hybrid),Cairina moschata x Anas platyrhynchos,mdxmal1,hybrid,475.0,[],"['MUDU', 'MALL']","['CAMO', 'ANPL']",Anseriformes,"Ducks, Geese, and Waterfowl",Anatidae,,,
Gadwall x Mallard (hybrid),Mareca strepera x Anas platyrhynchos,x00420,hybrid,478.0,[],"['GADW', 'MALL']","['MAST', 'ANPL']",Anseriformes,"Ducks, Geese, and Waterfowl",Anatidae,,,
American Black Duck,Anas rubripes,ambduc,species,493.0,['ABDU'],[],['ANRU'],Anseriformes,"Ducks, Geese, and Waterfowl",Anatidae,,,
Mallard x American Black Duck (hybrid),Anas platyrhynchos x rubripes,x00004,hybrid,495.0,['ABDH'],"['ABDU', 'MALL']","['ANRU', 'ANPL']",Anseriformes,"Ducks, Geese, and Waterfowl",Anatidae,,,
Mallard/American Black Duck,Anas platyrhynchos/rubripes,y00600,slash,496.0,[],"['ABDU', 'MALL']","['ANRU', 'ANPL']",Anseriformes,"Ducks, Geese, and Waterfowl",Anatidae,,,
Northern Pintail,Anas acuta,norpin,species,514.0,['NOPI'],['KOMA'],['ANAC'],Anseriformes,"Ducks, Geese, and Waterfowl",Anatidae,,,
Green-winged Teal,Anas crecca,gnwtea,species,529.0,['GWTE'],"['EUTE', 'EWTE', 'EGWT']",['ANCR'],Anseriformes,"Ducks, Geese, and Waterfowl",Anatidae,,,
Canvasback,Aythya valisineria,canvas,species,575.0,['CANV'],[],['AYVA'],Anseriformes,"Ducks, Geese, and Waterfowl",Anatidae,,,
Redhead,Aythya americana,redhea,species,576.0,['REDH'],[],['AYAM'],Anseriformes,"Ducks, Geese, and Waterfowl",Anatidae,,,
Ring-necked Duck,Aythya collaris,rinduc,species,580.0,['RNDU'],[],['AYCO'],Anseriformes,"Ducks, Geese, and Waterfowl",Anatidae,,,
Greater Scaup,Aythya marila,gresca,species,596.0,['GRSC'],[],['AYMA'],Anseriformes,"Ducks, Geese, and Waterfowl",Anatidae,,,
Ring-necked Duck x Greater Scaup (hybrid),Aythya collaris x marila,x00779,hybrid,600.0,[],"['GRSC', 'RNDU']","['AYMA', 'AYCO']",Anseriformes,"Ducks, Geese, and Waterfowl",Anatidae,,,
Lesser Scaup,Aythya affinis,lessca,species,602.0,['LESC'],[],['AYAF'],Anseriformes,"Ducks, Geese, and Waterfowl",Anatidae,,,
Greater/Lesser Scaup,Aythya marila/affinis,scaup,slash,606.0,[],"['LESC', 'GRSC']","['AYMA', 'AYAF']",Anseriformes,"Ducks, Geese, and Waterfowl",Anatidae,,,
Harlequin Duck,Histrionicus histrionicus,harduc,species,626.0,['HADU'],[],['HIHI'],Anseriformes,"Ducks, Geese, and Waterfowl",Anatidae,,,
Surf Scoter,Melanitta perspicillata,sursco,species,628.0,['SUSC'],[],['MEPE'],Anseriformes,"Ducks, Geese, and Waterfowl",Anatidae,,,
White-winged Scoter,Melanitta deglandi,whwsco2,species,630.0,[],['WWSC'],['MEDE'],Anseriformes,"Ducks, Geese, and Waterfowl",Anatidae,,,
Black Scoter,Melanitta americana,blksco2,species,636.0,['BLSC'],[],['MEAM'],Anseriformes,"Ducks, Geese, and Waterfowl",Anatidae,,,
Common/Black Scoter,Melanitta nigra/americana,blksco,slash,638.0,[],"['BLSC', 'COSC']","['MEAM', 'MENI']",Anseriformes,"Ducks, Geese, and Waterfowl",Anatidae,,,
Long-tailed Duck,Clangula hyemalis,lotduc,species,640.0,['LTDU'],[],['CLHY'],Anseriformes,"Ducks, Geese, and Waterfowl",Anatidae,,,
Bufflehead,Bucephala albeola,buffle,species,641.0,['BUFF'],[],['BUAL'],Anseriformes,"Ducks, Geese, and Waterfowl",Anatidae,,,
Common Goldeneye,Bucephala clangula,comgol,species,642.0,['COGO'],[],['BUCL'],Anseriformes,"Ducks, Geese, and Waterfowl",Anatidae,,,
Barrow's Goldeneye,Bucephala islandica,bargol,species,647.0,['BAGO'],[],['BUIS'],Anseriformes,"Ducks, Geese, and Waterfowl",Anatidae,,,
Hooded Merganser,Lophodytes cucullatus,hoomer,species,651.0,['HOME'],[],['LOCU'],Anseriformes,"Ducks, Geese, and Waterfowl",Anatidae,,,
Common Merganser,Mergus merganser,commer,species,658.0,['COME'],['GOOS'],['MEME'],Anseriformes,"Ducks, Geese, and Waterfowl",Anatidae,,,
Red-breasted Merganser,Mergus serrator,rebmer,species,666.0,['RBME'],[],['MESE'],Anseriformes,"Ducks, Geese, and Waterfowl",Anatidae,,,
Common/Red-breasted Merganser,Mergus merganser/serrator,y00224,slash,669.0,[],"['GOOS', 'RBME', 'COME']","['MEME', 'MESE']",Anseriformes,"Ducks, Geese, and Waterfowl",Anatidae,,,
Ruddy Duck,Oxyura jamaicensis,rudduc,species,674.0,['RUDU'],[],['OXJA'],Anseriformes,"Ducks, Geese, and Waterfowl",Anatidae,,,
Helmeted Guineafowl (Domestic type),Numida meleagris (Domestic type),helgui1,domestic,876.0,[],['HEGU'],['NUME'],Galliformes,Guineafowl,Numididae,,,
Northern Bobwhite,Colinus virginianus,norbob,species,912.0,['NOBO'],[],['COVI'],Galliformes,New World Quail,Odontophoridae,,,
Chukar,Alectoris chukar,chukar,species,1214.0,['CHUK'],['CHPA'],['ALCH'],Galliformes,"Pheasants, Grouse, and Allies",Phasianidae,,,
Ring-necked Pheasant,Phasianus colchicus,rinphe,species,1437.0,['RNEP'],"['RNPH', 'COPH']",['PHCO'],Galliformes,"Pheasants, Grouse, and Allies",Phasianidae,,,
Ruffed Grouse,Bonasa umbellus,rufgro,species,1590.0,['RUGR'],[],['BOUM'],Galliformes,"Pheasants, Grouse, and Allies",Phasianidae,,,
Wild Turkey,Meleagris gallopavo,wiltur,species,1706.0,['WITU'],[],['MEGA'],Galliformes,"Pheasants, Grouse, and Allies",Phasianidae,,,
Pied-billed Grebe,Podilymbus podiceps,pibgre,species,1756.0,['PBGR'],[],['POPO'],Podicipediformes,Grebes,Podicipedidae,,,
Horned Grebe,Podiceps auritus,horgre,species,1767.0,['HOGR'],['SLGR'],['POAU'],Podicipediformes,Grebes,Podicipedidae,,,
Red-necked Grebe,Podiceps grisegena,rengre,species,1770.0,['RNGR'],[],['POGR'],Podicipediformes,Grebes,Podicipedidae,,,
Eared Grebe,Podiceps nigricollis,eargre,species,1777.0,['EAGR'],['BNGR'],['PONI'],Podicipediformes,Grebes,Podicipedidae,,,
Western Grebe,Aechmophorus occidentalis,wesgre,species,1789.0,['WEGR'],[],['AEOC'],Podicipediformes,Grebes,Podicipedidae,,,
Rock Pigeon,Columba livia,rocpig,species,1798.0,[],"['ROPI', 'RODO', 'MANŪ']",['COLI'],Columbiformes,Pigeons and Doves,Columbidae,,,
Eurasian Collared-Dove,Streptopelia decaocto,eucdov,species,1968.0,['EUCD'],"['CODO', 'ECDO']",['STDE'],Columbiformes,Pigeons and Doves,Columbidae,,,
Eurasian/African Collared-Dove,Streptopelia decaocto/roseogrisea,y00851,slash,1976.0,[],"['CODO', 'AFCD', 'EUCD', 'ECDO', 'ACDO']","['STDE', 'STRO']",Columbiformes,Pigeons and Doves,Columbidae,,,
White-winged Dove,Zenaida asiatica,whwdov,species,2316.0,['WWDO'],[],['ZEAS'],Columbiformes,Pigeons and Doves,Columbidae,,,
Mourning Dove,Zenaida macroura,moudov,species,2339.0,['MODO'],[],['ZEMA'],Columbiformes,Pigeons and Doves,Columbidae,,,
Yellow-billed Cuckoo,Coccyzus americanus,yebcuc,species,3137.0,['YBCU'],[],['COAM'],Cuculiformes,Cuckoos,Cuculidae,,,
Black-billed Cuckoo,Coccyzus erythropthalmus,bkbcuc,species,3142.0,['BBCU'],[],['COER'],Cuculiformes,Cuckoos,Cuculidae,,,
Yellow-billed/Black-billed Cuckoo,Coccyzus americanus/erythropthalmus,y00616,slash,3143.0,[],"['BBCU', 'YBCU']","['COER', 'COAM']",Cuculiformes,Cuckoos,Cuculidae,,,
Common Nighthawk,Chordeiles minor,comnig,species,3408.0,['CONI'],[],['CHMI'],Caprimulgiformes,Nightjars and Allies,Caprimulgidae,,,
Eastern Whip-poor-will,Antrostomus vociferus,whip-p1,species,3531.0,['EWPW'],[],['ANVO'],Caprimulgiformes,Nightjars and Allies,Caprimulgidae,,,
Chimney Swift,Chaetura pelagica,chiswi,species,3755.0,['CHSW'],[],['CHPE'],Caprimulgiformes,Swifts,Apodidae,,,
Ruby-throated Hummingbird,Archilochus colubris,rthhum,species,4652.0,['RTHU'],[],['ARCO'],Caprimulgiformes,Hummingbirds,Trochilidae,,,
Rufous Hummingbird,Selasphorus rufus,rufhum,species,4677.0,['RUHU'],[],['SERU'],Caprimulgiformes,Hummingbirds,Trochilidae,,,
King Rail,Rallus elegans,kinrai4,species,5083.0,['KIRA'],[],['RAEL'],Gruiformes,"Rails, Gallinules, and Coots",Rallidae,,,
Clapper Rail,Rallus crepitans,clarai11,species,5087.0,['CLRA'],[],['RACR'],Gruiformes,"Rails, Gallinules, and Coots",Rallidae,,,
King/Clapper Rail,Rallus elegans/crepitans,rallus,slash,5104.0,[],"['KIRA', 'CLRA']","['RACR', 'RAEL']",Gruiformes,"Rails, Gallinules, and Coots",Rallidae,,,
Virginia Rail,Rallus limicola,virrai,species,5108.0,['VIRA'],[],['RALI'],Gruiformes,"Rails, Gallinules, and Coots",Rallidae,,,
Sora,Porzana carolina,sora,species,5266.0,['SORA'],[],['POCA'],Gruiformes,"Rails, Gallinules, and Coots",Rallidae,,,
Common Gallinule,Gallinula galeata,comgal1,species,5280.0,['COGA'],"['AMMO', 'ʻAʻU']",['GAGA'],Gruiformes,"Rails, Gallinules, and Coots",Rallidae,,,
American Coot,Fulica americana,y00475,species,5311.0,['AMCO'],[],['FUAM'],Gruiformes,"Rails, Gallinules, and Coots",Rallidae,,,
Sandhill Crane,Antigone canadensis,sancra,species,5512.0,['SACR'],[],['ANCA'],Gruiformes,Cranes,Gruidae,,,
American Avocet,Recurvirostra americana,ameavo,species,5587.0,['AMAV'],[],['REAM'],Charadriiformes,Stilts and Avocets,Recurvirostridae,,,
American Oystercatcher,Haematopus palliatus,ameoys,species,5604.0,['AMOY'],[],['HAPA'],Charadriiformes,Oystercatchers,Haematopodidae,,,
Black-bellied Plover,Pluvialis squatarola,bkbplo,species,5615.0,['BBPL'],['GRPL'],['PLSQ'],Charadriiformes,Plovers and Lapwings,Charadriidae,,,
Pacific Golden-Plover,Pluvialis fulva,pagplo,species,5620.0,['PAGP'],"['KŌLE', 'KP', 'PGPL']",['PLFU'],Charadriiformes,Plovers and Lapwings,Charadriidae,,,
Semipalmated Plover,Charadrius semipalmatus,semplo,species,5720.0,['SEPL'],[],['CHSE'],Charadriiformes,Plovers and Lapwings,Charadriidae,,,
Piping Plover,Charadrius melodus,pipplo,species,5723.0,['PIPL'],[],['CHME'],Charadriiformes,Plovers and Lapwings,Charadriidae,,,
Killdeer,Charadrius vociferus,killde,species,5742.0,['KILL'],[],['CHVO'],Charadriiformes,Plovers and Lapwings,Charadriidae,,,
Upland Sandpiper,Bartramia longicauda,uplsan,species,5801.0,['UPSA'],[],['BALO'],Charadriiformes,Sandpipers and Allies,Scolopacidae,,,
Whimbrel,Numenius phaeopus,whimbr,species,5803.0,['WHIM'],[],['NUPH'],Charadriiformes,Sandpipers and Allies,Scolopacidae,,,
Hudsonian Godwit,Limosa haemastica,hudgod,species,5831.0,['HUGO'],[],['LIHA'],Charadriiformes,Sandpipers and Allies,Scolopacidae,,,
Marbled Godwit,Limosa fedoa,margod,species,5832.0,['MAGO'],[],['LIFE'],Charadriiformes,Sandpipers and Allies,Scolopacidae,,,
Ruddy Turnstone,Arenaria interpres,rudtur,species,5836.0,['RUTU'],"['ʻAKE', 'ʻR']",['ARIN'],Charadriiformes,Sandpipers and Allies,Scolopacidae,,,
Red Knot,Calidris canutus,redkno,species,5845.0,['REKN'],[],['CACA'],Charadriiformes,Sandpipers and Allies,Scolopacidae,,,
Stilt Sandpiper,Calidris himantopus,stisan,species,5860.0,['STSA'],[],['CAHI'],Charadriiformes,Sandpipers and Allies,Scolopacidae,,,
Sanderling,Calidris alba,sander,species,5866.0,['SAND'],"['HUNA', 'HS']",['CAAL'],Charadriiformes,Sandpipers and Allies,Scolopacidae,,,
Dunlin,Calidris alpina,dunlin,species,5867.0,['DUNL'],[],['CAAL'],Charadriiformes,Sandpipers and Allies,Scolopacidae,,,
Baird's Sandpiper,Calidris bairdii,baisan,species,5889.0,['BASA'],[],['CABA'],Charadriiformes,Sandpipers and Allies,Scolopacidae,,,
Least Sandpiper,Calidris minutilla,leasan,species,5892.0,['LESA'],[],['CAMI'],Charadriiformes,Sandpipers and Allies,Scolopacidae,,,
White-rumped Sandpiper,Calidris fuscicollis,whrsan,species,5893.0,['WRSA'],[],['CAFU'],Charadriiformes,Sandpipers and Allies,Scolopacidae,,,
Buff-breasted Sandpiper,Calidris subruficollis,bubsan,species,5895.0,['BBSA'],[],['CASU'],Charadriiformes,Sandpipers and Allies,Scolopacidae,,,
Pectoral Sandpiper,Calidris melanotos,pecsan,species,5897.0,['PESA'],[],['CAME'],Charadriiformes,Sandpipers and Allies,Scolopacidae,,,
Semipalmated Sandpiper,Calidris pusilla,semsan,species,5900.0,['SESA'],[],['CAPU'],Charadriiformes,Sandpipers and Allies,Scolopacidae,,,
Western Sandpiper,Calidris mauri,wessan,species,5901.0,['WESA'],[],['CAMA'],Charadriiformes,Sandpipers and Allies,Scolopacidae,,,
Semipalmated/Western Sandpiper,Calidris pusilla/mauri,y00496,slash,5902.0,[],"['WESA', 'SESA']","['CAPU', 'CAMA']",Charadriiformes,Sandpipers and Allies,Scolopacidae,,,
Short-billed Dowitcher,Limnodromus griseus,shbdow,species,5906.0,['SBDO'],[],['LIGR'],Charadriiformes,Sandpipers and Allies,Scolopacidae,,,
Long-billed Dowitcher,Limnodromus scolopaceus,lobdow,species,5910.0,['LBDO'],[],['LISC'],Charadriiformes,Sandpipers and Allies,Scolopacidae,,,
Short-billed/Long-billed Dowitcher,Limnodromus griseus/scolopaceus,dowitc,slash,5911.0,['UNDO'],"['SBDO', 'LBDO']","['LISC', 'LIGR']",Charadriiformes,Sandpipers and Allies,Scolopacidae,,,
American Woodcock,Scolopax minor,amewoo,species,5920.0,['AMWO'],[],['SCMI'],Charadriiformes,Sandpipers and Allies,Scolopacidae,,,
Wilson's Snipe,Gallinago delicata,wilsni1,species,5942.0,['WISN'],[],['GADE'],Charadriiformes,Sandpipers and Allies,Scolopacidae,,,
Wilson's Phalarope,Phalaropus tricolor,wilpha,species,5964.0,['WIPH'],[],['PHTR'],Charadriiformes,Sandpipers and Allies,Scolopacidae,,,
Red-necked Phalarope,Phalaropus lobatus,renpha,species,5965.0,['RNPH'],[],['PHLO'],Charadriiformes,Sandpipers and Allies,Scolopacidae,,,
Red Phalarope,Phalaropus fulicarius,redpha1,species,5966.0,['REPH'],['GRPH'],['PHFU'],Charadriiformes,Sandpipers and Allies,Scolopacidae,,,
Spotted Sandpiper,Actitis macularius,sposan,species,5970.0,['SPSA'],[],['ACMA'],Charadriiformes,Sandpipers and Allies,Scolopacidae,,,
Solitary Sandpiper,Tringa solitaria,solsan,species,5973.0,['SOSA'],[],['TRSO'],Charadriiformes,Sandpipers and Allies,Scolopacidae,,,
Greater Yellowlegs,Tringa melanoleuca,greyel,species,5980.0,['GRYE'],[],['TRME'],Charadriiformes,Sandpipers and Allies,Scolopacidae,,,
Willet,Tringa semipalmata,willet1,species,5984.0,['WILL'],[],['TRSE'],Charadriiformes,Sandpipers and Allies,Scolopacidae,,,
Lesser Yellowlegs,Tringa flavipes,lesyel,species,5987.0,['LEYE'],[],['TRFL'],Charadriiformes,Sandpipers and Allies,Scolopacidae,,,
Greater/Lesser Yellowlegs,Tringa melanoleuca/flavipes,y00476,slash,5988.0,[],"['GRYE', 'LEYE']","['TRME', 'TRFL']",Charadriiformes,Sandpipers and Allies,Scolopacidae,,,
Bonaparte's Gull,Chroicocephalus philadelphia,bongul,species,6210.0,['BOGU'],[],['CHPH'],Charadriiformes,"Gulls, Terns, and Skimmers",Laridae,,,
Black-headed Gull,Chroicocephalus ridibundus,bkhgul,species,6226.0,['BHGU'],['CBHG'],['CHRI'],Charadriiformes,"Gulls, Terns, and Skimmers",Laridae,,,
Little Gull,Hydrocoloeus minutus,litgul,species,6231.0,['LIGU'],[],['HYMI'],Charadriiformes,"Gulls, Terns, and Skimmers",Laridae,,,
Laughing Gull,Leucophaeus atricilla,laugul,species,6235.0,['LAGU'],[],['LEAT'],Charadriiformes,"Gulls, Terns, and Skimmers",Laridae,,,
Franklin's Gull,Leucophaeus pipixcan,fragul,species,6238.0,['FRGU'],[],['LEPI'],Charadriiformes,"Gulls, Terns, and Skimmers",Laridae,,,
Mew Gull,Larus canus,mewgul,species,6257.0,['MEGU'],['COGU'],['LACA'],Charadriiformes,"Gulls, Terns, and Skimmers",Laridae,,,
Ring-billed Gull,Larus delawarensis,ribgul,species,6263.0,['RBGU'],[],['LADE'],Charadriiformes,"Gulls, Terns, and Skimmers",Laridae,,,
Herring Gull,Larus argentatus,hergul,species,6275.0,['HERG'],"['AHHG', 'HEGU']",['LAAR'],Charadriiformes,"Gulls, Terns, and Skimmers",Laridae,,,
Iceland Gull,Larus glaucoides,y00478,species,6293.0,[],['ICGU'],['LAGL'],Charadriiformes,"Gulls, Terns, and Skimmers",Laridae,,,
Lesser Black-backed Gull,Larus fuscus,lbbgul,species,6302.0,['LBBG'],[],['LAFU'],Charadriiformes,"Gulls, Terns, and Skimmers",Laridae,,,
Herring x Lesser Black-backed Gull (hybrid),Larus argentatus x fuscus,x00057,hybrid,6310.0,[],"['LBBG', 'AHHG', 'HEGU', 'HERG']","['LAAR', 'LAFU']",Charadriiformes,"Gulls, Terns, and Skimmers",Laridae,,,
Glaucous Gull,Larus hyperboreus,glagul,species,6321.0,['GLGU'],[],['LAHY'],Charadriiformes,"Gulls, Terns, and Skimmers",Laridae,,,
Great Black-backed Gull,Larus marinus,gbbgul,species,6330.0,['GBBG'],[],['LAMA'],Charadriiformes,"Gulls, Terns, and Skimmers",Laridae,,,
Least Tern,Sternula antillarum,leater1,species,6404.0,['LETE'],[],['STAN'],Charadriiformes,"Gulls, Terns, and Skimmers",Laridae,,,
Gull-billed Tern,Gelochelidon nilotica,gubter1,species,6424.0,['GBTE'],[],['GENI'],Charadriiformes,"Gulls, Terns, and Skimmers",Laridae,,,
Black Tern,Chlidonias niger,blkter,species,6434.0,['BLTE'],[],['CHNI'],Charadriiformes,"Gulls, Terns, and Skimmers",Laridae,,,
Common Tern,Sterna hirundo,comter,species,6457.0,['COTE'],[],['STHI'],Charadriiformes,"Gulls, Terns, and Skimmers",Laridae,,,
Forster's Tern,Sterna forsteri,forter,species,6477.0,['FOTE'],[],['STFO'],Charadriiformes,"Gulls, Terns, and Skimmers",Laridae,,,
Common/Forster's Tern,Sterna hirundo/forsteri,y00727,slash,6478.0,[],"['COTE', 'FOTE']","['STHI', 'STFO']",Charadriiformes,"Gulls, Terns, and Skimmers",Laridae,,,
Royal Tern,Thalasseus maximus,royter1,species,6486.0,['ROYT'],['ROTE'],['THMA'],Charadriiformes,"Gulls, Terns, and Skimmers",Laridae,,,
Red-throated Loon,Gavia stellata,retloo,species,6541.0,['RTLO'],['RTDI'],['GAST'],Gaviiformes,Loons,Gaviidae,,,
Pacific Loon,Gavia pacifica,pacloo,species,6545.0,['PALO'],['PADI'],['GAPA'],Gaviiformes,Loons,Gaviidae,,,
Common Loon,Gavia immer,comloo,species,6547.0,['COLO'],['GNDI'],['GAIM'],Gaviiformes,Loons,Gaviidae,,,
Wood Stork,Mycteria americana,woosto,species,6890.0,['WOST'],[],['MYAM'],Ciconiiformes,Storks,Ciconiidae,,,
Brown Booby,Sula leucogaster,brnboo,species,6923.0,['BRBO'],"['ʻĀ', 'ʻB']",['SULE'],Suliformes,Boobies and Gannets,Sulidae,,,
Great Cormorant,Phalacrocorax carbo,grecor,species,6965.0,['GRCO'],"['BLSH', 'GBCO', 'WBCO']",['PHCA'],Suliformes,Cormorants and Shags,Phalacrocoracidae,,,
Double-crested Cormorant,Phalacrocorax auritus,doccor,species,6999.0,['DCCO'],[],['PHAU'],Suliformes,Cormorants and Shags,Phalacrocoracidae,,,
Great/Double-crested Cormorant,Phalacrocorax carbo/auritus,y00694,slash,7004.0,[],"['BLSH', 'DCCO', 'GRCO', 'GBCO', 'WBCO']","['PHAU', 'PHCA']",Suliformes,Cormorants and Shags,Phalacrocoracidae,,,
American White Pelican,Pelecanus erythrorhynchos,amwpel,species,7029.0,['AWPE'],[],['PEER'],Pelecaniformes,Pelicans,Pelecanidae,,,
Brown Pelican,Pelecanus occidentalis,brnpel,species,7030.0,['BRPE'],[],['PEOC'],Pelecaniformes,Pelicans,Pelecanidae,,,
American Bittern,Botaurus lentiginosus,amebit,species,7052.0,['AMBI'],[],['BOLE'],Pelecaniformes,"Herons, Egrets, and Bitterns",Ardeidae,,,
Least Bittern,Ixobrychus exilis,leabit,species,7073.0,['LEBI'],[],['IXEX'],Pelecaniformes,"Herons, Egrets, and Bitterns",Ardeidae,,,
Great Blue Heron,Ardea herodias,grbher3,species,7092.0,['GBHE'],[],['ARHE'],Pelecaniformes,"Herons, Egrets, and Bitterns",Ardeidae,,,
Great Egret,Ardea alba,greegr,species,7124.0,['GREG'],"['WHHE', 'GWEG']",['ARAL'],Pelecaniformes,"Herons, Egrets, and Bitterns",Ardeidae,,,
Snowy Egret,Egretta thula,snoegr,species,7152.0,['SNEG'],[],['EGTH'],Pelecaniformes,"Herons, Egrets, and Bitterns",Ardeidae,,,
Little Blue Heron,Egretta caerulea,libher,species,7156.0,['LBHE'],[],['EGCA'],Pelecaniformes,"Herons, Egrets, and Bitterns",Ardeidae,,,
Cattle Egret,Bubulcus ibis,categr,species,7170.0,['CAEG'],['WCEG'],['BUIB'],Pelecaniformes,"Herons, Egrets, and Bitterns",Ardeidae,,,
Green Heron,Butorides virescens,grnher,species,7183.0,['GRHE'],[],['BUVI'],Pelecaniformes,"Herons, Egrets, and Bitterns",Ardeidae,,,
Black-crowned Night-Heron,Nycticorax nycticorax,bcnher,species,7227.0,['BCNH'],"['ʻAUK', 'ʻB']",['NYNY'],Pelecaniformes,"Herons, Egrets, and Bitterns",Ardeidae,,,
Yellow-crowned Night-Heron,Nyctanassa violacea,ycnher,species,7240.0,['YCNH'],[],['NYVI'],Pelecaniformes,"Herons, Egrets, and Bitterns",Ardeidae,,,
White Ibis,Eudocimus albus,whiibi,species,7265.0,['WHIB'],['AWIB'],['EUAL'],Pelecaniformes,Ibises and Spoonbills,Threskiornithidae,,,
Glossy Ibis,Plegadis falcinellus,gloibi,species,7268.0,['GLIB'],[],['PLFA'],Pelecaniformes,Ibises and Spoonbills,Threskiornithidae,,,
White-faced Ibis,Plegadis chihi,whfibi,species,7269.0,['WFIB'],[],['PLCH'],Pelecaniformes,Ibises and Spoonbills,Threskiornithidae,,,
Glossy/White-faced Ibis,Plegadis falcinellus/chihi,plegad,slash,7271.0,[],"['WFIB', 'GLIB']","['PLCH', 'PLFA']",Pelecaniformes,Ibises and Spoonbills,Threskiornithidae,,,
Black Vulture,Coragyps atratus,blkvul,species,7334.0,['BLVU'],['ABVU'],['COAT'],Cathartiformes,New World Vultures,Cathartidae,,,
Turkey Vulture,Cathartes aura,turvul,species,7338.0,['TUVU'],[],['CAAU'],Cathartiformes,New World Vultures,Cathartidae,,,
Swallow-tailed Kite,Elanoides forficatus,swtkit,species,7408.0,['STKI'],[],['ELFO'],Accipitriformes,"Hawks, Eagles, and Kites",Accipitridae,,,
Golden Eagle,Aquila chrysaetos,goleag,species,7584.0,['GOEA'],[],['AQCH'],Accipitriformes,"Hawks, Eagles, and Kites",Accipitridae,,,
Mississippi Kite,Ictinia mississippiensis,miskit,species,7631.0,['MIKI'],[],['ICMI'],Accipitriformes,"Hawks, Eagles, and Kites",Accipitridae,,,
Northern Harrier,Circus hudsonius,norhar2,species,7653.0,['NOHA'],[],['CIHU'],Accipitriformes,"Hawks, Eagles, and Kites",Accipitridae,,,
Sharp-shinned Hawk,Accipiter striatus,shshaw,species,7816.0,['SSHA'],['SSBB'],['ACST'],Accipitriformes,"Hawks, Eagles, and Kites",Accipitridae,,,
Cooper's Hawk,Accipiter cooperii,coohaw,species,7829.0,['COHA'],[],['ACCO'],Accipitriformes,"Hawks, Eagles, and Kites",Accipitridae,,,
Sharp-shinned/Cooper's Hawk,Accipiter striatus/cooperii,y00612,slash,7830.0,[],"['COHA', 'SSBB', 'SSHA']","['ACCO', 'ACST']",Accipitriformes,"Hawks, Eagles, and Kites",Accipitridae,,,
Northern Goshawk,Accipiter gentilis,norgos,species,7846.0,['NOGO'],[],['ACGE'],Accipitriformes,"Hawks, Eagles, and Kites",Accipitridae,,,
Bald Eagle,Haliaeetus leucocephalus,baleag,species,7885.0,['BAEA'],[],['HALE'],Accipitriformes,"Hawks, Eagles, and Kites",Accipitridae,,,
Golden/Bald Eagle,Aquila chrysaetos/Haliaeetus leucocephalus,y00944,slash,7888.0,[],"['BAEA', 'GOEA']","['AQCH', 'HALE']",Accipitriformes,"Hawks, Eagles, and Kites",Accipitridae,,,
Red-shouldered Hawk,Buteo lineatus,reshaw,species,7984.0,['RSHA'],[],['BULI'],Accipitriformes,"Hawks, Eagles, and Kites",Accipitridae,,,
Broad-winged Hawk,Buteo platypterus,brwhaw,species,7993.0,['BWHA'],[],['BUPL'],Accipitriformes,"Hawks, Eagles, and Kites",Accipitridae,,,
Red-shouldered/Broad-winged Hawk,Buteo lineatus/platypterus,y00773,slash,8001.0,[],"['RSHA', 'BWHA']","['BUPL', 'BULI']",Accipitriformes,"Hawks, Eagles, and Kites",Accipitridae,,,
Red-tailed Hawk,Buteo jamaicensis,rethaw,species,8011.0,['RTHA'],[],['BUJA'],Accipitriformes,"Hawks, Eagles, and Kites",Accipitridae,,,
Red-shouldered x Red-tailed Hawk (hybrid),Buteo lineatus x jamaicensis,x00686,hybrid,8030.0,[],"['RSHA', 'RTHA']","['BUJA', 'BULI']",Accipitriformes,"Hawks, Eagles, and Kites",Accipitridae,,,
Rough-legged Hawk,Buteo lagopus,rolhaw,species,8031.0,['RLHA'],['RLBU'],['BULA'],Accipitriformes,"Hawks, Eagles, and Kites",Accipitridae,,,
Barn Owl,Tyto alba,brnowl,species,8110.0,['BANO'],"['BAOW', 'WBOW']",['TYAL'],Strigiformes,Barn-Owls,Tytonidae,,,
Eastern Screech-Owl,Megascops asio,easowl1,species,8358.0,['EASO'],['ESOW'],['MEAS'],Strigiformes,Owls,Strigidae,,,
Great Horned Owl,Bubo virginianus,grhowl,species,8399.0,['GHOW'],[],['BUVI'],Strigiformes,Owls,Strigidae,,,
Snowy Owl,Bubo scandiacus,snoowl1,species,8461.0,['SNOW'],[],['BUSC'],Strigiformes,Owls,Strigidae,,,
Barred Owl,Strix varia,brdowl,species,8693.0,['BADO'],"['NBOW', 'BAOW']",['STVA'],Strigiformes,Owls,Strigidae,,,
Long-eared Owl,Asio otus,loeowl,species,8725.0,['LEOW'],[],['ASOT'],Strigiformes,Owls,Strigidae,,,
Short-eared Owl,Asio flammeus,sheowl,species,8748.0,['SEOW'],"['PUEO', 'PS']",['ASFL'],Strigiformes,Owls,Strigidae,,,
Northern Saw-whet Owl,Aegolius acadicus,nswowl,species,8777.0,['NSWO'],[],['AEAC'],Strigiformes,Owls,Strigidae,,,
Belted Kingfisher,Megaceryle alcyon,belkin1,species,9697.0,['BEKI'],[],['MEAL'],Coraciiformes,Kingfishers,Alcedinidae,,,
Yellow-bellied Sapsucker,Sphyrapicus varius,yebsap,species,10549.0,['YBSA'],[],['SPVA'],Piciformes,Woodpeckers,Picidae,,,
Yellow-bellied/Red-naped Sapsucker,Sphyrapicus varius/nuchalis,y00019,slash,10552.0,[],"['RNSA', 'YBSA']","['SPVA', 'SPNU']",Piciformes,Woodpeckers,Picidae,,,
Red-headed Woodpecker,Melanerpes erythrocephalus,rehwoo,species,10567.0,['RHWO'],[],['MEER'],Piciformes,Woodpeckers,Picidae,,,
Red-bellied Woodpecker,Melanerpes carolinus,rebwoo,species,10620.0,['RBWO'],[],['MECA'],Piciformes,Woodpeckers,Picidae,,,
Downy Woodpecker,Dryobates pubescens,dowwoo,species,10805.0,['DOWO'],[],['DRPU'],Piciformes,Woodpeckers,Picidae,,,
Hairy Woodpecker,Dryobates villosus,haiwoo,species,10831.0,['HAWO'],[],['DRVI'],Piciformes,Woodpeckers,Picidae,,,
Downy/Hairy Woodpecker,Dryobates pubescens/villosus,y00322,slash,10852.0,[],"['HAWO', 'DOWO']","['DRVI', 'DRPU']",Piciformes,Woodpeckers,Picidae,,,
Pileated Woodpecker,Dryocopus pileatus,pilwoo,species,11150.0,['PIWO'],[],['DRPI'],Piciformes,Woodpeckers,Picidae,,,
Northern Flicker,Colaptes auratus,norfli,species,11284.0,['NOFL'],[],['COAU'],Piciformes,Woodpeckers,Picidae,,,
American Kestrel,Falco sparverius,amekes,species,11407.0,['AMKE'],[],['FASP'],Falconiformes,Falcons and Caracaras,Falconidae,,,
Merlin,Falco columbarius,merlin,species,11441.0,['MERL'],[],['FACO'],Falconiformes,Falcons and Caracaras,Falconidae,,,
Gyrfalcon,Falco rusticolus,gyrfal,species,11486.0,['GYRF'],['GYFA'],['FARU'],Falconiformes,Falcons and Caracaras,Falconidae,,,
Peregrine Falcon,Falco peregrinus,perfal,species,11487.0,['PEFA'],[],['FAPE'],Falconiformes,Falcons and Caracaras,Falconidae,,,
Budgerigar (Domestic type),Melopsittacus undulatus (Domestic type),budger1,domestic,11918.0,[],['BUDG'],['MEUN'],Psittaciformes,Old World Parrots,Psittaculidae,,,
Olive-sided Flycatcher,Contopus cooperi,olsfly,species,16117.0,['OSFL'],[],['COCO'],Passeriformes,Tyrant Flycatchers,Tyrannidae,,,
Eastern Wood-Pewee,Contopus virens,eawpew,species,16135.0,['EAWP'],['EWPE'],['COVI'],Passeriformes,Tyrant Flycatchers,Tyrannidae,,,
Yellow-bellied Flycatcher,Empidonax flaviventris,yebfly,species,16176.0,['YBFL'],[],['EMFL'],Passeriformes,Tyrant Flycatchers,Tyrannidae,,,
Acadian Flycatcher,Empidonax virescens,acafly,species,16177.0,['ACFL'],[],['EMVI'],Passeriformes,Tyrant Flycatchers,Tyrannidae,,,
Alder Flycatcher,Empidonax alnorum,aldfly,species,16178.0,['ALFL'],[],['EMAL'],Passeriformes,Tyrant Flycatchers,Tyrannidae,,,
Willow Flycatcher,Empidonax traillii,wilfly,species,16179.0,['WIFL'],[],['EMTR'],Passeriformes,Tyrant Flycatchers,Tyrannidae,,,
Alder/Willow Flycatcher (Traill's Flycatcher),Empidonax alnorum/traillii,y00324,slash,16185.0,['TRFL'],"['WIFL', 'ALFL']","['EMTR', 'EMAL']",Passeriformes,Tyrant Flycatchers,Tyrannidae,,,
Least Flycatcher,Empidonax minimus,leafly,species,16190.0,['LEFL'],[],['EMMI'],Passeriformes,Tyrant Flycatchers,Tyrannidae,,,
Eastern Phoebe,Sayornis phoebe,easpho,species,16233.0,['EAPH'],[],['SAPH'],Passeriformes,Tyrant Flycatchers,Tyrannidae,,,
Great Crested Flycatcher,Myiarchus crinitus,grcfly,species,16555.0,['GCFL'],[],['MYCR'],Passeriformes,Tyrant Flycatchers,Tyrannidae,,,
Western Kingbird,Tyrannus verticalis,weskin,species,16687.0,['WEKI'],[],['TYVE'],Passeriformes,Tyrant Flycatchers,Tyrannidae,,,
Eastern Kingbird,Tyrannus tyrannus,easkin,species,16691.0,['EAKI'],[],['TYTY'],Passeriformes,Tyrant Flycatchers,Tyrannidae,,,
White-eyed Vireo,Vireo griseus,whevir,species,18324.0,['WEVI'],[],['VIGR'],Passeriformes,"Vireos, Shrike-Babblers, and Erpornis",Vireonidae,,,
Yellow-throated Vireo,Vireo flavifrons,yetvir,species,18374.0,['YTVI'],[],['VIFL'],Passeriformes,"Vireos, Shrike-Babblers, and Erpornis",Vireonidae,,,
Blue-headed Vireo,Vireo solitarius,buhvir,species,18380.0,['BHVI'],[],['VISO'],Passeriformes,"Vireos, Shrike-Babblers, and Erpornis",Vireonidae,,,
Philadelphia Vireo,Vireo philadelphicus,phivir,species,18395.0,['PHVI'],[],['VIPH'],Passeriformes,"Vireos, Shrike-Babblers, and Erpornis",Vireonidae,,,
Warbling Vireo,Vireo gilvus,warvir,species,18396.0,['WAVI'],[],['VIGI'],Passeriformes,"Vireos, Shrike-Babblers, and Erpornis",Vireonidae,,,
Red-eyed Vireo,Vireo olivaceus,reevir1,species,18416.0,['REVI'],[],['VIOL'],Passeriformes,"Vireos, Shrike-Babblers, and Erpornis",Vireonidae,,,
Red-eyed/Chivi Vireo,Vireo olivaceus/chivi,reevir,slash,18432.0,[],"['REVI', 'CHVI']","['VICH', 'VIOL']",Passeriformes,"Vireos, Shrike-Babblers, and Erpornis",Vireonidae,,,
Northern Shrike,Lanius borealis,norshr4,species,20170.0,['NSHR'],['NOSH'],['LABO'],Passeriformes,Shrikes,Laniidae,,,
Blue Jay,Cyanocitta cristata,blujay,species,20373.0,['BLJA'],[],['CYCR'],Passeriformes,"Crows, Jays, and Magpies",Corvidae,,,
American Crow,Corvus brachyrhynchos,amecro,species,20638.0,['AMCR'],[],['COBR'],Passeriformes,"Crows, Jays, and Magpies",Corvidae,,,
Fish Crow,Corvus ossifragus,fiscro,species,20653.0,['FICR'],[],['COOS'],Passeriformes,"Crows, Jays, and Magpies",Corvidae,,,
Common Raven,Corvus corax,comrav,species,20703.0,['CORA'],['NORA'],['COCO'],Passeriformes,"Crows, Jays, and Magpies",Corvidae,,,
Carolina Chickadee,Poecile carolinensis,carchi,species,21127.0,['CACH'],[],['POCA'],Passeriformes,"Tits, Chickadees, and Titmice",Paridae,,,
Black-capped Chickadee,Poecile atricapillus,bkcchi,species,21132.0,['BCCH'],[],['POAT'],Passeriformes,"Tits, Chickadees, and Titmice",Paridae,,,
Carolina x Black-capped Chickadee (hybrid),Poecile carolinensis x atricapillus,x00195,hybrid,21142.0,['CBCC'],"['CACH', 'BCCH']","['POCA', 'POAT']",Passeriformes,"Tits, Chickadees, and Titmice",Paridae,,,
Carolina/Black-capped Chickadee,Poecile carolinensis/atricapillus,y00033,slash,21143.0,[],"['CACH', 'BCCH']","['POCA', 'POAT']",Passeriformes,"Tits, Chickadees, and Titmice",Paridae,,,
Tufted Titmouse,Baeolophus bicolor,tuftit,species,21225.0,['TUTI'],[],['BABI'],Passeriformes,"Tits, Chickadees, and Titmice",Paridae,,,
Horned Lark,Eremophila alpestris,horlar,species,21625.0,['HOLA'],['SHLA'],['ERAL'],Passeriformes,Larks,Alaudidae,,,
Northern Rough-winged Swallow,Stelgidopteryx serripennis,nrwswa,species,23036.0,['NRWS'],[],['STSE'],Passeriformes,Swallows,Hirundinidae,,,
Purple Martin,Progne subis,purmar,species,23051.0,['PUMA'],[],['PRSU'],Passeriformes,Swallows,Hirundinidae,,,
Tree Swallow,Tachycineta bicolor,treswa,species,23074.0,['TRES'],['TRSW'],['TABI'],Passeriformes,Swallows,Hirundinidae,,,
Bank Swallow,Riparia riparia,banswa,species,23105.0,['BANS'],"['SAMA', 'BASW', 'CSMA']",['RIRI'],Passeriformes,Swallows,Hirundinidae,,,
Barn Swallow,Hirundo rustica,barswa,species,23153.0,['BARS'],['BASW'],['HIRU'],Passeriformes,Swallows,Hirundinidae,,,
Cliff Swallow,Petrochelidon pyrrhonota,cliswa,species,23244.0,['CLSW'],['ACSW'],['PEPY'],Passeriformes,Swallows,Hirundinidae,,,
Golden-crowned Kinglet,Regulus satrapa,gockin,species,25790.0,['GCKI'],[],['RESA'],Passeriformes,Kinglets,Regulidae,,,
Ruby-crowned Kinglet,Regulus calendula,ruckin,species,25797.0,['RCKI'],[],['RECA'],Passeriformes,Kinglets,Regulidae,,,
Red-breasted Nuthatch,Sitta canadensis,rebnut,species,25870.0,['RBNU'],[],['SICA'],Passeriformes,Nuthatches,Sittidae,,,
White-breasted Nuthatch,Sitta carolinensis,whbnut,species,25873.0,['WBNU'],[],['SICA'],Passeriformes,Nuthatches,Sittidae,,,
Brown Creeper,Certhia americana,brncre,species,25958.0,['BRCR'],"['AMTR', 'ABCR']",['CEAM'],Passeriformes,Treecreepers,Certhiidae,,,
Blue-gray Gnatcatcher,Polioptila caerulea,buggna,species,26030.0,['BGGN'],[],['POCA'],Passeriformes,Gnatcatchers,Polioptilidae,,,
House Wren,Troglodytes aedon,houwre,species,26127.0,['HOWR'],[],['TRAE'],Passeriformes,Wrens,Troglodytidae,,,
Winter Wren,Troglodytes hiemalis,winwre3,species,26234.0,['WIWR'],['AWWR'],['TRHI'],Passeriformes,Wrens,Troglodytidae,,,
Sedge Wren,Cistothorus platensis,sedwre,species,26242.0,['SEWR'],[],['CIPL'],Passeriformes,Wrens,Troglodytidae,,,
Marsh Wren,Cistothorus palustris,marwre,species,26268.0,['MAWR'],[],['CIPA'],Passeriformes,Wrens,Troglodytidae,,,
Carolina Wren,Thryothorus ludovicianus,carwre,species,26287.0,['CARW'],['CAWR'],['THLU'],Passeriformes,Wrens,Troglodytidae,,,
European Starling,Sturnus vulgaris,eursta,species,26739.0,['EUST'],['COST'],['STVU'],Passeriformes,Starlings,Sturnidae,,,
Gray Catbird,Dumetella carolinensis,grycat,species,26912.0,['GRCA'],[],['DUCA'],Passeriformes,Mockingbirds and Thrashers,Mimidae,,,
Brown Thrasher,Toxostoma rufum,brnthr,species,26950.0,['BRTH'],[],['TORU'],Passeriformes,Mockingbirds and Thrashers,Mimidae,,,
Northern Mockingbird,Mimus polyglottos,normoc,species,27022.0,['NOMO'],[],['MIPO'],Passeriformes,Mockingbirds and Thrashers,Mimidae,,,
Eastern Bluebird,Sialia sialis,easblu,species,27031.0,['EABL'],[],['SISI'],Passeriformes,Thrushes and Allies,Turdidae,,,
Varied Thrush,Ixoreus naevius,varthr,species,27157.0,['VATH'],[],['IXNA'],Passeriformes,Thrushes and Allies,Turdidae,,,
Veery,Catharus fuscescens,veery,species,27215.0,['VEER'],[],['CAFU'],Passeriformes,Thrushes and Allies,Turdidae,,,
Gray-cheeked Thrush,Catharus minimus,gycthr,species,27220.0,['GCTH'],[],['CAMI'],Passeriformes,Thrushes and Allies,Turdidae,,,
Bicknell's Thrush,Catharus bicknelli,bicthr,species,27223.0,['BITH'],[],['CABI'],Passeriformes,Thrushes and Allies,Turdidae,,,
Gray-cheeked/Bicknell's Thrush,Catharus minimus/bicknelli,y00225,slash,27225.0,['GCBT'],"['BITH', 'GCTH']","['CAMI', 'CABI']",Passeriformes,Thrushes and Allies,Turdidae,,,
Swainson's Thrush,Catharus ustulatus,swathr,species,27226.0,['SWTH'],[],['CAUS'],Passeriformes,Thrushes and Allies,Turdidae,,,
Hermit Thrush,Catharus guttatus,herthr,species,27235.0,['HETH'],[],['CAGU'],Passeriformes,Thrushes and Allies,Turdidae,,,
Wood Thrush,Hylocichla mustelina,woothr,species,27249.0,['WOTH'],[],['HYMU'],Passeriformes,Thrushes and Allies,Turdidae,,,
American Robin,Turdus migratorius,amerob,species,27462.0,['AMRO'],[],['TUMI'],Passeriformes,Thrushes and Allies,Turdidae,,,
Cedar Waxwing,Bombycilla cedrorum,cedwax,species,28730.0,['CEDW'],['CEWA'],['BOCE'],Passeriformes,Waxwings,Bombycillidae,,,
House Sparrow,Passer domesticus,houspa,species,30329.0,['HOSP'],[],['PADO'],Passeriformes,Old World Sparrows,Passeridae,,,
American Pipit,Anthus rubescens,amepip,species,30667.0,['AMPI'],['BBPI'],['ANRU'],Passeriformes,Wagtails and Pipits,Motacillidae,,,
House Finch,Haemorhous mexicanus,houfin,species,31084.0,['HOFI'],['MʻMĪ'],['HAME'],Passeriformes,"Finches, Euphonias, and Allies",Fringillidae,,,
Purple Finch,Haemorhous purpureus,purfin,species,31098.0,['PUFI'],[],['HAPU'],Passeriformes,"Finches, Euphonias, and Allies",Fringillidae,,,
House/Purple Finch,Haemorhous mexicanus/purpureus,y00338,slash,31101.0,[],"['PUFI', 'MʻMĪ', 'HOFI']","['HAME', 'HAPU']",Passeriformes,"Finches, Euphonias, and Allies",Fringillidae,,,
Common Redpoll,Acanthis flammea,comred,species,31254.0,['CORE'],[],['ACFL'],Passeriformes,"Finches, Euphonias, and Allies",Fringillidae,,,
Pine Siskin,Spinus pinus,pinsis,species,31361.0,['PISI'],[],['SPPI'],Passeriformes,"Finches, Euphonias, and Allies",Fringillidae,,,
American Goldfinch,Spinus tristis,amegfi,species,31382.0,['AMGO'],[],['SPTR'],Passeriformes,"Finches, Euphonias, and Allies",Fringillidae,,,
Snow Bunting,Plectrophenax nivalis,snobun,species,31431.0,['SNBU'],[],['PLNI'],Passeriformes,Longspurs and Snow Buntings,Calcariidae,,,
Grasshopper Sparrow,Ammodramus savannarum,graspa,species,31686.0,['GRSP'],[],['AMSA'],Passeriformes,New World Sparrows,Passerellidae,,,
Chipping Sparrow,Spizella passerina,chispa,species,31733.0,['CHSP'],[],['SPPA'],Passeriformes,New World Sparrows,Passerellidae,,,
Clay-colored Sparrow,Spizella pallida,clcspa,species,31739.0,['CCSP'],[],['SPPA'],Passeriformes,New World Sparrows,Passerellidae,,,
Field Sparrow,Spizella pusilla,fiespa,species,31746.0,['FISP'],[],['SPPU'],Passeriformes,New World Sparrows,Passerellidae,,,
Lark Sparrow,Chondestes grammacus,larspa,species,31772.0,['LASP'],[],['CHGR'],Passeriformes,New World Sparrows,Passerellidae,,,
American Tree Sparrow,Spizelloides arborea,amtspa,species,31839.0,['ATSP'],[],['SPAR'],Passeriformes,New World Sparrows,Passerellidae,,,
Fox Sparrow,Passerella iliaca,foxspa,species,31843.0,['FOSP'],['FSSP'],['PAIL'],Passeriformes,New World Sparrows,Passerellidae,,,
Dark-eyed Junco,Junco hyemalis,daejun,species,31867.0,['DEJU'],[],['JUHY'],Passeriformes,New World Sparrows,Passerellidae,,,
White-crowned Sparrow,Zonotrichia leucophrys,whcspa,species,31930.0,['WCSP'],[],['ZOLE'],Passeriformes,New World Sparrows,Passerellidae,,,
Harris's Sparrow,Zonotrichia querula,harspa,species,31940.0,['HASP'],[],['ZOQU'],Passeriformes,New World Sparrows,Passerellidae,,,
White-throated Sparrow,Zonotrichia albicollis,whtspa,species,31943.0,['WTSP'],[],['ZOAL'],Passeriformes,New World Sparrows,Passerellidae,,,
White-crowned/White-throated Sparrow,Zonotrichia leucophrys/albicollis,y00332,slash,31945.0,[],"['WCSP', 'WTSP']","['ZOLE', 'ZOAL']",Passeriformes,New World Sparrows,Passerellidae,,,
Dark-eyed Junco x White-throated Sparrow (hybrid),Junco hyemalis x Zonotrichia albicollis,x00039,hybrid,31948.0,[],"['WTSP', 'DEJU']","['ZOAL', 'JUHY']",Passeriformes,New World Sparrows,Passerellidae,,,
LeConte's Sparrow,Ammospiza leconteii,lecspa,species,31963.0,['LCSP'],['LESP'],['AMLE'],Passeriformes,New World Sparrows,Passerellidae,,,
Seaside Sparrow,Ammospiza maritima,seaspa,species,31964.0,['SESP'],[],['AMMA'],Passeriformes,New World Sparrows,Passerellidae,,,
Savannah Sparrow,Passerculus sandwichensis,savspa,species,31986.0,['SAVS'],['SASP'],['PASA'],Passeriformes,New World Sparrows,Passerellidae,,,
Henslow's Sparrow,Centronyx henslowii,henspa,species,32012.0,['HESP'],[],['CEHE'],Passeriformes,New World Sparrows,Passerellidae,,,
Song Sparrow,Melospiza melodia,sonspa,species,32018.0,['SOSP'],[],['MEME'],Passeriformes,New World Sparrows,Passerellidae,,,
Lincoln's Sparrow,Melospiza lincolnii,linspa,species,32051.0,['LISP'],[],['MELI'],Passeriformes,New World Sparrows,Passerellidae,,,
Swamp Sparrow,Melospiza georgiana,swaspa,species,32055.0,['SWSP'],[],['MEGE'],Passeriformes,New World Sparrows,Passerellidae,,,
Eastern Towhee,Pipilo erythrophthalmus,eastow,species,32155.0,['EATO'],[],['PIER'],Passeriformes,New World Sparrows,Passerellidae,,,
Spotted/Eastern Towhee (Rufous-sided Towhee),Pipilo maculatus/erythrophthalmus,y00226,slash,32163.0,['RSTO'],"['SPTO', 'EATO']","['PIMA', 'PIER']",Passeriformes,New World Sparrows,Passerellidae,,,
Yellow-breasted Chat,Icteria virens,yebcha,species,32293.0,['YBCH'],[],['ICVI'],Passeriformes,Yellow-breasted Chat,Icteriidae,,,
Yellow-headed Blackbird,Xanthocephalus xanthocephalus,yehbla,species,32296.0,['YHBL'],[],['XAXA'],Passeriformes,Troupials and Allies,Icteridae,,,
Bobolink,Dolichonyx oryzivorus,boboli,species,32297.0,['BOBO'],[],['DOOR'],Passeriformes,Troupials and Allies,Icteridae,,,
Eastern Meadowlark,Sturnella magna,easmea,species,32301.0,['EAME'],[],['STMA'],Passeriformes,Troupials and Allies,Icteridae,,,
Orchard Oriole,Icterus spurius,orcori,species,32405.0,['OROR'],[],['ICSP'],Passeriformes,Troupials and Allies,Icteridae,,,
Baltimore Oriole,Icterus galbula,balori,species,32492.0,['BAOR'],[],['ICGA'],Passeriformes,Troupials and Allies,Icteridae,,,
Red-winged Blackbird,Agelaius phoeniceus,rewbla,species,32501.0,['RWBL'],[],['AGPH'],Passeriformes,Troupials and Allies,Icteridae,,,
Brown-headed Cowbird,Molothrus ater,bnhcow,species,32557.0,['BHCO'],[],['MOAT'],Passeriformes,Troupials and Allies,Icteridae,,,
Rusty Blackbird,Euphagus carolinus,rusbla,species,32572.0,['RUBL'],[],['EUCA'],Passeriformes,Troupials and Allies,Icteridae,,,
Common Grackle,Quiscalus quiscula,comgra,species,32577.0,['COGR'],[],['QUQU'],Passeriformes,Troupials and Allies,Icteridae,,,
Ovenbird,Seiurus aurocapilla,ovenbi1,species,32667.0,['OVEN'],[],['SEAU'],Passeriformes,New World Warblers,Parulidae,,,
Worm-eating Warbler,Helmitheros vermivorum,woewar1,species,32671.0,['WEWA'],[],['HEVE'],Passeriformes,New World Warblers,Parulidae,,,
Louisiana Waterthrush,Parkesia motacilla,louwat,species,32672.0,['LOWA'],[],['PAMO'],Passeriformes,New World Warblers,Parulidae,,,
Northern Waterthrush,Parkesia noveboracensis,norwat,species,32673.0,['NOWA'],[],['PANO'],Passeriformes,New World Warblers,Parulidae,,,
Louisiana/Northern Waterthrush,Parkesia motacilla/noveboracensis,y00598,slash,32674.0,[],"['LOWA', 'NOWA']","['PAMO', 'PANO']",Passeriformes,New World Warblers,Parulidae,,,
Golden-winged Warbler,Vermivora chrysoptera,gowwar,species,32676.0,['GWWA'],[],['VECH'],Passeriformes,New World Warblers,Parulidae,,,
Blue-winged Warbler,Vermivora cyanoptera,buwwar,species,32677.0,['BWWA'],[],['VECY'],Passeriformes,New World Warblers,Parulidae,,,
Golden-winged x Blue-winged Warbler (hybrid),Vermivora chrysoptera x cyanoptera,x00669,hybrid,32678.0,[],"['BWWA', 'GWWA']","['VECH', 'VECY']",Passeriformes,New World Warblers,Parulidae,,,
Brewster's Warbler (hybrid),Vermivora chrysoptera x cyanoptera (F1 hybrid),brewar,hybrid,32679.0,['BRWA'],['GWWA'],['VECH'],Passeriformes,New World Warblers,Parulidae,,,
Lawrence's Warbler (hybrid),Vermivora chrysoptera x cyanoptera (F2 backcross),lawwar,hybrid,32680.0,['LAWA'],['GWWA'],['VECH'],Passeriformes,New World Warblers,Parulidae,,,
Golden-winged/Blue-winged Warbler,Vermivora chrysoptera/cyanoptera,y00665,slash,32681.0,[],"['BWWA', 'GWWA']","['VECH', 'VECY']",Passeriformes,New World Warblers,Parulidae,,,
Black-and-white Warbler,Mniotilta varia,bawwar,species,32682.0,['BAWW'],[],['MNVA'],Passeriformes,New World Warblers,Parulidae,,,
Prothonotary Warbler,Protonotaria citrea,prowar,species,32683.0,['PROW'],['PRWA'],['PRCI'],Passeriformes,New World Warblers,Parulidae,,,
Swainson's Warbler,Limnothlypis swainsonii,swawar,species,32684.0,['SWWA'],[],['LISW'],Passeriformes,New World Warblers,Parulidae,,,
Tennessee Warbler,Leiothlypis peregrina,tenwar,species,32692.0,['TEWA'],[],['LEPE'],Passeriformes,New World Warblers,Parulidae,,,
Orange-crowned Warbler,Leiothlypis celata,orcwar,species,32693.0,['OCWA'],[],['LECE'],Passeriformes,New World Warblers,Parulidae,,,
Nashville Warbler,Leiothlypis ruficapilla,naswar,species,32701.0,['NAWA'],[],['LERU'],Passeriformes,New World Warblers,Parulidae,,,
Connecticut Warbler,Oporornis agilis,conwar,species,32709.0,['CONW'],['COWA'],['OPAG'],Passeriformes,New World Warblers,Parulidae,,,
Mourning Warbler,Geothlypis philadelphia,mouwar,species,32724.0,['MOWA'],[],['GEPH'],Passeriformes,New World Warblers,Parulidae,,,
Kentucky Warbler,Geothlypis formosa,kenwar,species,32729.0,['KEWA'],[],['GEFO'],Passeriformes,New World Warblers,Parulidae,,,
Common Yellowthroat,Geothlypis trichas,comyel,species,32744.0,['COYE'],[],['GETR'],Passeriformes,New World Warblers,Parulidae,,,
Hooded Warbler,Setophaga citrina,hoowar,species,32772.0,['HOWA'],[],['SECI'],Passeriformes,New World Warblers,Parulidae,,,
American Redstart,Setophaga ruticilla,amered,species,32773.0,['AMRE'],[],['SERU'],Passeriformes,New World Warblers,Parulidae,,,
Cape May Warbler,Setophaga tigrina,camwar,species,32775.0,['CMWA'],[],['SETI'],Passeriformes,New World Warblers,Parulidae,,,
Cerulean Warbler,Setophaga cerulea,cerwar,species,32776.0,['CERW'],['CEWA'],['SECE'],Passeriformes,New World Warblers,Parulidae,,,
Northern Parula,Setophaga americana,norpar,species,32777.0,['NOPA'],[],['SEAM'],Passeriformes,New World Warblers,Parulidae,,,
Magnolia Warbler,Setophaga magnolia,magwar,species,32793.0,['MAWA'],[],['SEMA'],Passeriformes,New World Warblers,Parulidae,,,
Bay-breasted Warbler,Setophaga castanea,babwar,species,32795.0,['BBWA'],[],['SECA'],Passeriformes,New World Warblers,Parulidae,,,
Blackburnian Warbler,Setophaga fusca,bkbwar,species,32796.0,['BLBW'],['BLWA'],['SEFU'],Passeriformes,New World Warblers,Parulidae,,,
Yellow Warbler,Setophaga petechia,yelwar,species,32798.0,['YEWA'],['AYWA'],['SEPE'],Passeriformes,New World Warblers,Parulidae,,,
Chestnut-sided Warbler,Setophaga pensylvanica,chswar,species,32839.0,['CSWA'],[],['SEPE'],Passeriformes,New World Warblers,Parulidae,,,
Blackpoll Warbler,Setophaga striata,bkpwar,species,32841.0,['BLPW'],['BLWA'],['SEST'],Passeriformes,New World Warblers,Parulidae,,,
Bay-breasted/Blackpoll Warbler,Setophaga castanea/striata,y00627,slash,32843.0,[],"['BBWA', 'BLPW', 'BLWA']","['SEST', 'SECA']",Passeriformes,New World Warblers,Parulidae,,,
Black-throated Blue Warbler,Setophaga caerulescens,btbwar,species,32844.0,['BTBW'],[],['SECA'],Passeriformes,New World Warblers,Parulidae,,,
Palm Warbler,Setophaga palmarum,palwar,species,32848.0,['PAWA'],[],['SEPA'],Passeriformes,New World Warblers,Parulidae,,,
Pine Warbler,Setophaga pinus,pinwar,species,32853.0,['PIWA'],[],['SEPI'],Passeriformes,New World Warblers,Parulidae,,,
Yellow-rumped Warbler,Setophaga coronata,yerwar,species,32858.0,['YRWA'],['MYWA'],['SECO'],Passeriformes,New World Warblers,Parulidae,,,
Yellow-throated Warbler,Setophaga dominica,yetwar,species,32867.0,['YTWA'],[],['SEDO'],Passeriformes,New World Warblers,Parulidae,,,
Prairie Warbler,Setophaga discolor,prawar,species,32879.0,['PRAW'],['PRWA'],['SEDI'],Passeriformes,New World Warblers,Parulidae,,,
Black-throated Gray Warbler,Setophaga nigrescens,btywar,species,32892.0,['BTYW'],['BTGW'],['SENI'],Passeriformes,New World Warblers,Parulidae,,,
Black-throated Green Warbler,Setophaga virens,btnwar,species,32906.0,['BTNW'],['BTGW'],['SEVI'],Passeriformes,New World Warblers,Parulidae,,,
Canada Warbler,Cardellina canadensis,canwar,species,33028.0,['CAWA'],[],['CACA'],Passeriformes,New World Warblers,Parulidae,,,
Wilson's Warbler,Cardellina pusilla,wlswar,species,33029.0,['WIWA'],[],['CAPU'],Passeriformes,New World Warblers,Parulidae,,,
Summer Tanager,Piranga rubra,sumtan,species,33112.0,['SUTA'],[],['PIRU'],Passeriformes,Cardinals and Allies,Cardinalidae,,,
Scarlet Tanager,Piranga olivacea,scatan,species,33116.0,['SCTA'],[],['PIOL'],Passeriformes,Cardinals and Allies,Cardinalidae,,,
Western Tanager,Piranga ludoviciana,westan,species,33118.0,['WETA'],[],['PILU'],Passeriformes,Cardinals and Allies,Cardinalidae,,,
Northern Cardinal,Cardinalis cardinalis,norcar,species,33194.0,['NOCA'],[],['CACA'],Passeriformes,Cardinals and Allies,Cardinalidae,,,
Rose-breasted Grosbeak,Pheucticus ludovicianus,robgro,species,33236.0,['RBGR'],[],['PHLU'],Passeriformes,Cardinals and Allies,Cardinalidae,,,
Blue Grosbeak,Passerina caerulea,blugrb1,species,33276.0,['BLGR'],[],['PACA'],Passeriformes,Cardinals and Allies,Cardinalidae,,,
Indigo Bunting,Passerina cyanea,indbun,species,33285.0,['INBU'],[],['PACY'],Passeriformes,Cardinals and Allies,Cardinalidae,,,
Painted Bunting,Passerina ciris,paibun,species,33298.0,['PABU'],[],['PACI'],Passeriformes,Cardinals and Allies,Cardinalidae,,,
Dickcissel,Spiza americana,dickci,species,33304.0,['DICK'],[],['SPAM'],Passeriformes,Cardinals and Allies,Cardinalidae,,,
